<?xml version="1.0" encoding="utf-8" ?>

<!DOCTYPE beans [
        <!ELEMENT beans (bean*)>
        <!ELEMENT bean (property*)>
        <!ELEMENT property (#PCDATA)>

        <!ATTLIST bean id ID #REQUIRED>
        <!ATTLIST bean class CDATA #IMPLIED>
        <!ATTLIST property name CDATA #IMPLIED>
        <!ATTLIST property ref IDREF #IMPLIED>
        ]>

<beans>
    <bean id="page" class="com.yoshino.myssm.myspringmvc.PageController"/>

    <!--DAO-->
    <bean id="userDAO" class="com.yoshino.book.dao.impl.UserDAOImpl"/>
    <bean id="bookDAO" class="com.yoshino.book.dao.impl.BookDAOImpl"/>
    <bean id="cartItemDAO" class="com.yoshino.book.dao.impl.CartItemDAOImpl"/>
    <bean id="orderDAO" class="com.yoshino.book.dao.impl.OrderDAOImpl"/>
    <bean id="orderItemDAO" class="com.yoshino.book.dao.impl.OrderItemDAOImpl"/>


    <!--service-->
    <bean id="userService" class="com.yoshino.book.service.impl.UserServiceImpl">
        <property name="userDAO" ref="userDAO"/>
    </bean>
    <bean id="bookService" class="com.yoshino.book.service.impl.BookServiceImpl">
        <property name="bookDAO" ref="bookDAO"/>
    </bean>
    <bean id="cartItemService" class="com.yoshino.book.service.impl.CartItemServiceImpl">
        <property name="cartItemDAO" ref="cartItemDAO"/>
        <property name="bookService" ref="bookService"/>
    </bean>
    <bean id="orderService" class="com.yoshino.book.service.impl.OrderServiceImpl">
        <property name="orderDAO" ref="orderDAO"/>
        <property name="orderItemDAO" ref="orderItemDAO"/>
        <property name="cartItemDAO" ref="cartItemDAO"/>
        <property name="bookDAO" ref="bookDAO"/>
        <property name="bookService" ref="bookService"/>
    </bean>



    <!--controller-->
    <bean id="user" class="com.yoshino.book.controller.UserController">
        <property name="userService" ref="userService"/>
        <property name="cartItemService" ref="cartItemService"/>
    </bean>
    <bean id="book" class="com.yoshino.book.controller.BookController">
        <property name="bookService" ref="bookService"/>
    </bean>
    <bean id="cart" class="com.yoshino.book.controller.CartController">
        <property name="cartItemService" ref="cartItemService"/>
        <property name="bookService" ref="bookService"/>
    </bean>
    <bean id="order" class="com.yoshino.book.controller.OrderController">
        <property name="orderService" ref="orderService"/>
        <property name="cartItemService" ref="cartItemService"/>
    </bean>
    <bean id="manager" class="com.yoshino.book.controller.ManagerController">
        <property name="orderService" ref="orderService"/>
        <property name="bookService" ref="bookService"/>
    </bean>







</beans>
